{
    "0.5": 0.0017000000000000003,
    "0.5263157894736842": 0.0016000000000000003,
    "0.5526315789473684": 0.0016000000000000003,
    "0.5789473684210527": 0.045700000000000005,
    "0.6052631578947368": 0.33130000000000004,
    "0.631578947368421": 0.45130000000000003,
    "0.6578947368421053": 0.5006999999999999,
    "0.6842105263157895": 0.5534000000000001,
    "0.7105263157894737": 0.6013000000000001,
    "0.7368421052631579": 0.6267,
    "0.763157894736842": 0.6868,
    "0.7894736842105263": 0.7195999999999999,
    "0.8157894736842105": 0.746,
    "0.8421052631578947": 0.7777000000000001,
    "0.868421052631579": 0.8157999999999999,
    "0.8947368421052632": 0.8525,
    "0.9210526315789473": 0.8782000000000001,
    "0.9473684210526315": 0.9050999999999998,
    "0.9736842105263157": 0.9375,
    "1.0": 0.967
}