{
    "0.5": 0.0010000000000000002,
    "0.5263157894736842": 0.0010000000000000002,
    "0.5526315789473684": 0.0009500000000000002,
    "0.5789473684210527": 0.1039,
    "0.6052631578947368": 0.2777,
    "0.631578947368421": 0.4284,
    "0.6578947368421053": 0.48219999999999996,
    "0.6842105263157895": 0.54455,
    "0.7105263157894737": 0.58545,
    "0.7368421052631579": 0.6253000000000001,
    "0.763157894736842": 0.6628499999999999,
    "0.7894736842105263": 0.6907000000000001,
    "0.8157894736842105": 0.73615,
    "0.8421052631578947": 0.7694000000000001,
    "0.868421052631579": 0.8026000000000001,
    "0.8947368421052632": 0.83245,
    "0.9210526315789473": 0.8649,
    "0.9473684210526315": 0.8978,
    "0.9736842105263157": 0.9288500000000001,
    "1.0": 0.9575
}