{
    "0.5": 0.0009500000000000002,
    "0.5555555555555556": 0.0010000000000000002,
    "0.6111111111111112": 0.2191,
    "0.6666666666666666": 0.47785,
    "0.7222222222222222": 0.5897,
    "0.7777777777777778": 0.67875,
    "0.8333333333333333": 0.7515499999999999,
    "0.8888888888888888": 0.8236999999999999,
    "0.9444444444444444": 0.8934,
    "1.0": 0.9594999999999999
}