{
    "0.5": 0.06879999999999997,
    "0.5263157894736842": 0.06879999999999997,
    "0.5526315789473684": 0.11679999999999999,
    "0.5789473684210527": 0.19680000000000003,
    "0.6052631578947368": 0.3588,
    "0.631578947368421": 0.4236,
    "0.6578947368421053": 0.5036,
    "0.6842105263157895": 0.5356,
    "0.7105263157894737": 0.6232000000000001,
    "0.7368421052631579": 0.634,
    "0.763157894736842": 0.6724,
    "0.7894736842105263": 0.7204,
    "0.8157894736842105": 0.7327999999999999,
    "0.8421052631578947": 0.7988000000000001,
    "0.868421052631579": 0.8180000000000001,
    "0.8947368421052632": 0.8656,
    "0.9210526315789473": 0.8984000000000001,
    "0.9473684210526315": 0.9268000000000001,
    "0.9736842105263157": 0.9684000000000001,
    "1.0": 0.9919999999999998
}