{
    "0.5": 0.0004750000000000001,
    "0.5263157894736842": 0.0004750000000000001,
    "0.5526315789473684": 0.0004750000000000001,
    "0.5789473684210527": 0.0004750000000000001,
    "0.6052631578947368": 0.03162500000000001,
    "0.631578947368421": 0.351325,
    "0.6578947368421053": 0.46045,
    "0.6842105263157895": 0.5199999999999999,
    "0.7105263157894737": 0.558775,
    "0.7368421052631579": 0.60145,
    "0.763157894736842": 0.6466750000000001,
    "0.7894736842105263": 0.6872499999999999,
    "0.8157894736842105": 0.718475,
    "0.8421052631578947": 0.753875,
    "0.868421052631579": 0.79675,
    "0.8947368421052632": 0.8284750000000002,
    "0.9210526315789473": 0.857075,
    "0.9473684210526315": 0.890175,
    "0.9736842105263157": 0.922725,
    "1.0": 0.95225
}