{
    "0.5": 0.004000000000000001,
    "0.5263157894736842": 0.004000000000000001,
    "0.5526315789473684": 0.071,
    "0.5789473684210527": 0.2552,
    "0.6052631578947368": 0.3258,
    "0.631578947368421": 0.4102,
    "0.6578947368421053": 0.47500000000000003,
    "0.6842105263157895": 0.5257999999999999,
    "0.7105263157894737": 0.6092000000000001,
    "0.7368421052631579": 0.6344,
    "0.763157894736842": 0.6592000000000001,
    "0.7894736842105263": 0.6916000000000001,
    "0.8157894736842105": 0.7262,
    "0.8421052631578947": 0.762,
    "0.868421052631579": 0.8048000000000001,
    "0.8947368421052632": 0.8366,
    "0.9210526315789473": 0.8696,
    "0.9473684210526315": 0.9048,
    "0.9736842105263157": 0.9328,
    "1.0": 0.9619999999999997
}