{
    "0.5": 0.00025000000000000006,
    "0.5263157894736842": 0.00023750000000000005,
    "0.5526315789473684": 0.00025000000000000006,
    "0.5789473684210527": 0.00023750000000000005,
    "0.6052631578947368": 0.0635,
    "0.631578947368421": 0.4083125,
    "0.6578947368421053": 0.48136249999999997,
    "0.6842105263157895": 0.5234125,
    "0.7105263157894737": 0.5708125,
    "0.7368421052631579": 0.610475,
    "0.763157894736842": 0.6553500000000001,
    "0.7894736842105263": 0.6929125,
    "0.8157894736842105": 0.7285249999999999,
    "0.8421052631578947": 0.7643375000000001,
    "0.868421052631579": 0.7977624999999999,
    "0.8947368421052632": 0.8269124999999999,
    "0.9210526315789473": 0.86,
    "0.9473684210526315": 0.8918,
    "0.9736842105263157": 0.9228749999999999,
    "1.0": 0.9538749999999998
}