{
    "0.5": 0.2417,
    "0.5555555555555556": 0.3251,
    "0.6111111111111112": 0.4065,
    "0.6666666666666666": 0.5216,
    "0.7222222222222222": 0.6160500000000001,
    "0.7777777777777778": 0.7179500000000001,
    "0.8333333333333333": 0.8135999999999999,
    "0.8888888888888888": 0.8724,
    "0.9444444444444444": 0.93835,
    "1.0": 0.9999999999999999
}