{
    "0.5": 0.12616666666666665,
    "0.5555555555555556": 0.2571833333333334,
    "0.6111111111111112": 0.40166666666666667,
    "0.6666666666666666": 0.5197833333333333,
    "0.7222222222222222": 0.6256833333333334,
    "0.7777777777777778": 0.7152166666666668,
    "0.8333333333333333": 0.7955666666666665,
    "0.8888888888888888": 0.8695333333333334,
    "0.9444444444444444": 0.93955,
    "1.0": 0.9999999999999999
}