{
    "0.5": 0.0015000000000000002,
    "0.5555555555555556": 0.03795,
    "0.6111111111111112": 0.044950000000000004,
    "0.6666666666666666": 0.26985000000000003,
    "0.7222222222222222": 0.50975,
    "0.7777777777777778": 0.6607000000000001,
    "0.8333333333333333": 0.7759499999999999,
    "0.8888888888888888": 0.8666500000000001,
    "0.9444444444444444": 0.9361499999999999,
    "1.0": 0.9999999999999999
}