{
    "0.5": 0.0033,
    "0.5555555555555556": 0.004150000000000001,
    "0.6111111111111112": 0.0094,
    "0.6666666666666666": 0.169,
    "0.7222222222222222": 0.32725000000000004,
    "0.7777777777777778": 0.6021000000000001,
    "0.8333333333333333": 0.7415,
    "0.8888888888888888": 0.84475,
    "0.9444444444444444": 0.9349500000000002,
    "1.0": 0.9999999999999999
}